screen_name;user_id;full_name;party;location;created_at
JensMaierAfD;916639458409242624;Jens Maier;AfD;Dresden, Sachsen;2017-10-07 12:20:52
DrFriesenMdB;916324637046435840;Dr. Anton Friesen;AfD;Deutschland, Freistaat Thüringen;2017-10-06 15:29:52
Th_Seitz_AfD;913358838736310272;Thomas Seitz;AfD;Berlin, Deutschland;2017-09-28 11:04:51
AndreasBleckMdB;910878654535749632;Andreas Bleck;AfD;Neuwied, Deutschland;2017-09-21 14:49:29
Brehm_inNBGNord;904304932257492992;Sebastian Brehm;CSU;Nürnberg, Bayern;2017-09-03 11:27:51
BrunnerGanzOhr;882929865535705088;Karl-Heinz Brunner;SPD;Illertissen, Deutschland;2017-07-06 11:50:58
Buettner_MdB;881480498043916288;Matthias Büttner;AfD;Stendal, Deutschland;2017-07-02 11:51:42
DanyWagner_DA;874917828436078592;Daniela Wagner;B90/Die Grünen;Darmstadt, Deutschland;2017-06-14 09:14:00
Martin_Hess_AfD;872663038805016576;Martin Hess;AfD;;2017-06-08 03:54:16
SybilleBenning;869205749632831488;Sybille Benning;CDU;Münster, Deutschland;2017-05-29 14:56:14
UliGroetsch;867351565757239296;Uli Grötsch;SPD;Waidhaus, Deutschland;2017-05-24 12:08:22
mvabercron;862747349277450240;Michael von Abercron;CDU;Pinneberg, Deutschland;2017-05-11 19:12:51
ChristophFDP;861992050358616064;Christoph Meyer;FDP;Berlin, Deutschland;2017-05-09 17:11:34
JBrandenburgFDP;857906951707127808;Jens Brandenburg;FDP;Rhein-Neckar-Kreis, Baden-Württemberg;2017-04-28 10:38:51
GustavHerzogMdB;857001941305634816;Gustav Herzog;SPD;Zellertal, Deutschland;2017-04-25 22:42:39
CarloCronenberg;856807050294251520;Carlo Cronenberg;FDP;Arnsberg, Deutschland;2017-04-25 09:48:14
AchimKesslerMdB;849567328899616768;Achim Kessler;Die Linke;Frankfurt am Main, Hessen;2017-04-05 10:20:10
UdoHemmelgarn;849060114388705280;Udo Hemmelgarn;AfD;Harsewinkel, Deutschland;2017-04-04 00:44:40
KlausMindrup;845282647261761536;Klaus Mindrup;SPD;Pankow, Berlin;2017-03-24 14:34:22
NinaScheer_SPD;845213960060243968;Nina Scheer;SPD;Schleswig-Holstein;2017-03-24 10:01:26
h_weyel;841412635270762496;Prof. Harald Weyel;AfD;;2017-03-13 22:16:19
KatharinaKloke;833686206642786304;Katharina Kloke;FDP;;2017-02-20 14:34:15
Alice_Weidel;833398209053605888;Dr. Alice Weidel;AfD;Berlin, Deutschland;2017-02-19 19:29:51
Oehmeulrich;829731236503494656;Ulrich Oehme;AfD;;2017-02-09 16:38:37
WSchinnenburg;828943222432997376;Wieland Schinnenburg;FDP;Hamburg;2017-02-07 12:27:20
nicolabeerfdp;828623998921629696;Nicola Beer;FDP;Frankfurt am Main, Berlin;2017-02-06 15:18:51
ManjaSchuele;827090742162100224;Manja Schüle;SPD;Potsdam;2017-02-02 09:46:14
katrin_staffler;825019912083038208;Katrin Staffler;CSU;Türkenfeld, Deutschland;2017-01-27 16:37:30
ProfMaier;824210890354520064;Lothar Maier;AfD;Stuttgart, Deutschland;2017-01-25 11:02:44
StephPilsinger;819914159915667456;Stephan Pilsinger;CSU;München, Bayern;2017-01-13 14:29:03
DirkWiese4;815469233090023424;Dirk Wiese Sauerland;SPD;Brilon, Deutschland;2017-01-01 08:06:30
PetrBystronAfD;810957560723505152;Petr Bystron;AfD;München, Bayern;2016-12-19 21:18:44
DirkSpaniel;810537151729373184;Dr. Dirk Spaniel;AfD;Stuttgart, Deutschland;2016-12-18 17:28:10
DerDanyal;808400627084705792;Danyal Bayaz;B90/Die Grünen;Deutschland;2016-12-12 19:58:23
MarcBernhardAfD;805823950253150208;Marc Bernhard;AfD;;2016-12-05 17:19:36
BraFDP;802968497831739392;Mario Brandenburg;FDP;Rheinland-Pfalz, Deutschland;2016-11-27 20:13:03
mueller_sepp;801803127762669568;Sepp Müller;CDU;Gräfenhainichen, Deutschland;2016-11-24 15:02:17
dirk_heidenblut;798315497498537984;Dirk Heidenblut;SPD;Essen Deutschland ;2016-11-15 00:03:41
GruebelMdb;796691290016583680;Markus Grübel;CDU;;2016-11-10 12:29:40
StefanKeuterAfD;794628172570619904;Stefan Keuter;AfD;Essen, Nordrhein-Westfalen;2016-11-04 19:51:34
HellmichMdB;786498202832822272;Wolfgang Hellmich;SPD;Bad Sassendorf, Deutschland;2016-10-13 09:25:58
MuellerChemnitz;784760007275515904;Detlef Müller;SPD;;2016-10-08 14:19:00
EnricoKomning;781747720897892352;Enrico Komning;AfD;Neubrandenburg, Deutschland;2016-09-30 06:49:16
FGuentzler;779601750789656576;Fritz Güntzler;CDU;Göttingen, Deutschland;2016-09-24 08:41:56
Neumann_AfD;760188355615293440;ChristophNeumann;AfD;Leipzig;2016-08-01 19:00:02
LeniBreymaier;748453543632330752;Leni Breymaier;SPD;Stuttgart, Aalen, Deutschland;2016-06-30 09:50:05
c_jung77;740178046649565184;Christian Jung;FDP;Berlin, Deutschland;2016-06-07 13:46:12
Leif_Erik_Holm;739531034761498624;Leif-Erik Holm;AfD;Mecklenburg-Vorpommern;2016-06-05 18:55:13
josip_juratovic;738731811380076544;Josip Juratovic;SPD;Gundelsheim, Deutschland;2016-06-03 13:59:23
SabinePoschmann;738636568760553472;Sabine Poschmann;SPD;;2016-06-03 07:40:56
MdB_Ulrike_Bahr;724565991104110592;MdB Ulrike Bahr;SPD;Augsburg, Deutschland;2016-04-25 11:49:28
Schneider_AfD;719975730784956416;Jörg Schneider;AfD;Gelsenkirchen;2016-04-12 19:49:25
StBrandner;713361366858481664;Stephan Brandner;AfD;Mal hier, mal da...;2016-03-25 13:46:18
LambrechtMdB;712207722301751296;Christine Lambrecht;SPD;;2016-03-22 09:22:08
HPFriedrichCSU;708224250885349376;Hans-Peter Friedrich;CDU;;2016-03-11 09:33:14
DrLaunert;4926993244;Dr. Silke Launert;CSU;Berlin, Deutschland ;2016-02-18 07:43:21
MdB_Lucassen;4875914470;Rüdiger Lucassen;AfD;Rhein-Erft-Kreis;2016-02-04 08:13:45
StefingerMdB;4866955749;Wolfgang Stefinger;CSU;München, Bayern;2016-01-31 18:11:21
DorisAchelwilm;4819478705;Doris Achelwilm;Die Linke;Bremen-Walle;2016-01-16 22:40:34
dr_tiemann;4818645382;Dietlind Tiemann;CDU;;2016-01-16 17:13:42
HajdukBundestag;4724923756;Anja Hajduk;B90/Die Grünen;Hamburg/Berlin, Germany;2016-01-06 13:08:22
goekayakbulut;4594081419;Gökay Akbulut;Die Linke;Mannheim, Baden-Württemberg;2015-12-24 23:34:07
MichaelFrieser;4577700622;Michael Frieser;CSU;Berlin, Deutschland;2015-12-23 10:47:43
ZdebelHubertus;4557858142;Hubertus Zdebel;Die Linke;Münster, Nordrhein-Westfalen;2015-12-21 14:30:15
Witt_Uwe;4503658823;Uwe Witt;AfD;Nordrhein-Westfalen, Deutschla;2015-12-16 14:17:02
ElsnervonGronow;4429947807;Elsner von Gronow;AfD;Soest, Deutschland;2015-12-09 20:04:49
Norbert_MdB;4265444913;Norbert Müller;Die LInke;Potsdam, Brandenburg;2015-11-24 15:29:07
MichaelKuffer;4249342037;Michael Kuffer;CSU;München, Bayern;2015-11-22 11:54:32
jankortemdb;4164673821;Jan Korte;Die Linke;;2015-11-11 15:38:47
Frohnmaier_AfD;4130621842;Markus Frohnmaier;AfD;Weil der Stadt/Berlin;2015-11-07 00:49:32
Marc_Jongen;4121053541;Dr. Marc Jongen;AfD;Baden-Württemberg, Deutschland;2015-11-05 17:59:24
SchickGerhard;4110374301;Gerhard Schick;B90/Die Grünen;Mannheim & Berlin;2015-11-04 07:36:26
katarinabarley;4097559143;Katarina Barley;SPD;;2015-11-02 13:41:10
stamm_fibich;4017796049;Martina Stamm-Fibich;SPD;Erlangen-Höchstadt, Bayern;2015-10-22 15:37:18
KorkmazGT;3930477322;Elvan Korkmaz;SPD;Gütersloh, Nordrhein-Westfalen;2015-10-11 19:28:43
YvonneMagwas;3852561082;Yvonne Magwas;CDU;Auerbach/V.;2015-10-03 13:03:58
UdoSchiefner;3823042877;Udo Schiefner;SPD;;2015-09-30 09:52:07
thlutze;3667108397;Thomas Lutze;Die Linke;;2015-09-15 19:41:47
DerLenzMdB;3635730797;Andreas Lenz;CSU;;2015-09-12 22:33:12
Toens_NRW04;3522875063;Markus Töns;SPD;;2015-09-02 11:46:13
matthiasbartke;3376953843;Dr. Matthias Bartke;SPD;Hamburg, Deutschland;2015-07-15 07:44:18
AWidmannMauz;3351905747;Annette Widmann-Mauz;CDU;;2015-06-30 15:21:43
victorperli;3350681139;Victor Perli;DIe Linke;Wolfenbüttel und Berlin;2015-06-29 13:33:18
stadler_svenja;3337459024;Svenja Stadler;SPD;Landkreis Harburg;2015-06-20 18:29:59
Karl_Lauterbach;3292982985;Karl Lauterbach;SPD;Berlin, Deutschland;2015-05-21 14:01:21
AndreasSteier;3236928208;Andreas Steier;CDU;Trier, Deutschland;2015-05-05 20:47:57
KartesMdB;3188225915;Torbjörn Kartes;CDU;;2015-04-20 20:23:44
Spenrath_AfD;3105403449;Roman Reusch;AfD;Erkelenz, Deutschland;2015-03-22 18:33:22
MAStrackZi;3047392319;Maria-Agnes Strack-Zimmermann;FDP;Berlin, Deutschland;2015-02-20 17:27:35
michael_g_link;3034092143;Michael Georg Link;FDP;;2015-02-13 06:54:35
GabyKatzmarek;3017602065;Gabriele Katzmarek;SPD;Rastatt, Deutschland;2015-02-04 14:00:14
Peter_Stein_CDU;2885729417;Peter Stein;CDU;;2014-11-20 15:32:00
MarcusHeld_SPD;2860802891;Marcus Held;SPD;Worms - Alzey - Oppenheim;2014-11-04 14:48:38
DeRidder_MdB;2842430247;Daniela De Ridder;SPD;Grafschaft Bentheim - Emsland ;2014-10-24 07:47:43
UllaJelpke;2837971145;Ulla Jelpke;Die Linke;Platz der Republik, Berlin;2014-10-20 09:49:39
AlexanderRadwan;2831760211;Alexander Radwan;CSU;Berlin;2014-09-25 12:30:02
michaelgrossmdb;2814949590;Michael Groß;SPD;Marl;2014-09-17 13:58:03
fritzfelgentreu;2805274855;Fritz Felgentreu;SPD;Neukölln, Berlin;2014-09-12 09:17:05
Thomas_Bareiss;2797812265;Thomas Bareiß;CDU;Zollernalb-Sigmaringen;2014-09-08 11:55:12
cdu_schweiger;2758602415;Torsten Schweiger;CDU;Sangerhausen, Deutschland;2014-08-23 11:53:37
ruppert_stefan;2710786593;Stefan Ruppert;FDP;;2014-07-14 16:38:49
KoobMar;2664174617;Markus Koob;CDU;;2014-07-02 14:40:54
mrosek1958;2618890032;Andreas Mrosek;AfD;Dessau-Roßlau, Deutschland;2014-07-11 22:07:33
Lothar_Binding;2617281050;Lothar Binding;SPD;Heidelberg & Berlin;2014-07-11 12:32:53
Conni_Moehring;2596171296;Cornelia Möhring;Die Linke;;2014-06-30 11:04:13
uwe_kamann;2546790747;Uwe Kamann;AfD;Deutschland;2014-05-14 06:40:08
M_Reichardt_AfD;2545743991;Martin Reichardt;AfD;Deutschland;2014-06-04 10:26:57
Renner_AfD;2535401947;Martin E Renner;AfD;Haan, Deutschland;2014-05-30 16:12:59
ZaklinNastic;2527808433;Zaklin Nastic;Die Linke;Hamburg;2014-05-04 10:37:53
Huber_AfD;2527085323;Johannes Huber;AfD;Freising, Deutschland;2014-05-27 09:51:54
AnjaKarliczek;2521976694;Anja Karliczek;CDU;Tecklenburg / Berlin;2014-05-25 05:42:35
TobiasMPeterka;2496104640;Tobias M. Peterka;AfD;Bayreuth, Bayern;2014-05-15 10:45:25
Kai_Whittaker;2479436480;Kai Whittaker;CDU;Baden-Baden / Berlin;2014-05-06 07:39:57
GerdesMdB;2468956470;Michael Gerdes;SPD;Bottrop;2014-04-29 08:21:18
BetMueller;2443895924;Bettina Müller;SPD;;2014-04-14 13:31:03
MdbWendt;2430137675;Marian Wendt;CDU;Nordsachsen/Berlin;2014-03-23 03:19:00
RonjaKemmer;2405039875;Ronja Kemmer;CDU;;2014-03-22 20:52:19
muellerboehm;2373251115;Roman Müller-Böhm;FDP;Oberhausen, Deutschland;2014-03-01 14:20:15
OWvonHoltz;2357675876;Ottmar von Holtz;B90/Die Grünen;;2014-02-23 08:22:18
DietmarBartsch;2320519958;Dietmar Bartsch;Die Linke;;2014-01-31 09:25:36
UliFreese;2317202160;Uli Freese;SPD;Wahlkreis Cottbus/Spree-Neiße;2014-01-29 14:02:57
MarkusTressel;2306519694;Markus Tressel;B90/Die Grünen;Saarlouis, Saarland;2014-01-23 12:51:04
ZieglerMdB;2290961736;Dagmar Ziegler;SPD;;2014-01-14 10:21:49
Schwarz_MdB;2226815116;Andreas Schwarz;SPD;Bamberg, Bayern;2013-12-15 09:11:12
TErndl;2192588903;Thomas Erndl;CSU;Künzing, Deutschland;2013-11-23 11:15:37
ABaerbock;2179010672;Annalena Baerbock;B90/Die Grünen;Brandenburg;2013-11-07 00:04:11
thomas_jurk;1959248485;Thomas Jurk;SPD;;2013-10-13 18:32:14
Dr_Roy_Kuehne;1906911697;Roy Kühne;CDU;;2013-09-26 06:13:48
dittmarsabine;1872648764;Sabine Dittmar;SPD;;2013-09-16 18:45:03
HoldingEuropa;1865308944;Waldemar Herdt;AfD;;2013-09-14 23:11:24
axelgehrke;1862781722;Axel Gehrke;AfD;Stormarn, Schleswig-Holstein;2013-09-14 05:37:38
Hansjoerg_Durz;1662533040;Hansjörg Durz;CSU;Augsburg Land // Berlin;2013-08-11 13:29:37
annachristmann;1617177360;Anna Christmann;B90/Die Grünen;Stuttgart;2013-07-24 08:14:15
mb_hb;1543429536;Michel Brandt;Die Linke;;2013-06-24 14:54:02
ttte94;1534201208;Gerold Otten;AfD;;2013-06-20 15:24:36
GydeJ;1530171613;Gyde Jensen;FDP;Kiel;2013-06-19 08:11:12
crueffer;1524735194;Corinna Rüffer;B90/Die Grünen;Trier;2013-06-17 12:32:01
HHirte;1513671236;Heribert Hirte;CDU;Köln am Rhein;2013-06-13 15:15:09
Frank_Pasemann;1490376331;Frank Pasemann;AfD;Mitteldeutschland;2013-06-07 13:04:39
julia_verlinden;1475734592;Julia Verlinden;B90/Die Grünen;Lüneburg, Germany;2013-06-01 21:31:23
SusannRuethrich;1461997548;Susann Rüthrich;SPD;SPD Bundestagsabgeordnete ;2013-05-27 12:42:27
AnetteKramme;1461705757;Anette Kramme;SPD;;2013-05-27 09:29:28
AndreaLindholz;1446031532;Andrea Lindholz;CSU;Aschaffenburg, Berlin;2013-05-21 10:40:09
RenateKuenast;1425265488;Renate Künast;B90/Die Grünen;Berlin;2013-05-13 11:24:44
lier_e;1425035358;Elisabeth Kaiser;SPD;;2013-05-13 09:15:33
EskenSaskia;1423622834;Saskia Esken;SPD;Berlin / Nordschwarzwald;2013-05-12 17:25:05
NordMdb;1421571306;Thomas Nord;Die Linke;;2013-05-11 21:07:13
ProtschkaStepha;1412287272;Stephan Protschka;AfD;;2013-05-08 08:33:07
oezdemir_spd;1399764944;Mahmut Özdemir;SPD;Duisburg;2013-05-03 13:36:09
joerg_cezanne;1391879604;Joerg Cezanne;Die Linke;;2013-04-30 12:00:22
uhl_markus;1391875208;Markus Uhl;CDU;Saarbrücken | Homburg;2013-04-30 11:47:36
MarkHauptmann;1370491088;Mark Hauptmann;CDU;Südthüringen/Berlin;2013-04-21 20:17:02
jojoschraps;1356753444;Johannes Schraps;SPD;Weserbergland - BXL - Berlin;2013-04-16 12:32:04
Stettenchris;1334019378;Christian von Stetten;CDU;Berlin;2013-04-07 12:50:41
th_sattelberger;1296544153;Thomas Sattelberger;FDP;München;2013-03-24 20:28:01
KirstenTackmann;1294725486;Kirsten Tackmann;Die Linke;Tornow;2013-03-24 10:47:35
Florian_Ossner;1294532364;Florian Oßner;CSU;Velden/Landshut/Kelheim;2013-03-24 09:49:47
KayGottschalk1;1286011081;Kay Gottschalk;AfD;Hamburg;2013-03-21 13:39:27
AlexanderSNeu;1182878557;Alexander Neu;Die Linke;;2013-02-15 14:53:02
MatthiasHauer;1158585210;Matthias Hauer;CDU;Essen;2013-02-07 23:53:53
ChrisKuehn_mdb;1143130812;Chris Kühn;B90/Die Grünen;;2013-02-02 18:49:01
BriHasselmann;1131092102;Britta Haßelmann;B90/Die Grünen;Bielefeld/Berlin;2013-01-29 13:46:25
Achim_P;1117749912;Achim Post;SPD;Espelkamp/Berlin;2013-01-24 21:12:00
s_schwartze;1117526742;Stefan Schwartze;SPD;Vlotho;2013-01-24 19:17:24
MiRo_SPD;1114675538;Michael Roth;SPD;Auswärtiges Amt, Berlin;2013-01-23 15:48:09
EUTheurer;1108382916;Michael Theurer;FDP;Berlin, Stuttgart, Horb;2013-01-21 08:00:48
KarstenMoering;1099159964;Karsten Möring;CDU;Köln;2013-01-17 20:08:06
SylviaPantel;1082464339;Sylvia Pantel;CDU;Düsseldorf, Germany;2013-01-12 09:54:53
sebast_hartmann;1076269195;Sebastian Hartmann;SPD;Rhein-Sieg-Kreis;2013-01-10 10:32:26
berlinliebich;1065899292;Stefan Liebich;Die Linke;Berlin-Pankow;2013-01-06 14:57:49
MetinHakverdi;1043288618;Metin Hakverdi;SPD;;2012-12-28 22:27:01
arnoklare;1028440310;Arno Klare;SPD;Mülheim & Essen-Borbeck;2012-12-22 12:46:22
JanMetzler;995653004;Jan Metzler;CDU;Dittelsheim-Heßloch;2012-12-07 18:54:37
GabiWeberSPD;992808439;Gabi Weber;SPD;Wirges, Westerwald;2012-12-06 10:29:09
A_Gloeckner;976421048;Angelika Glöckner;SPD;Südwestpfalz, Rheinland-Pfalz;2012-11-28 16:01:47
MechthildHeil;974367631;Mechthild Heil;CDU;;2012-11-27 17:56:41
StefanRouenhoff;963904327;Stefan Rouenhoff;CDU;Goch, Deutschland;2012-11-22 08:50:46
susanne_mittag;939034891;Susanne Mittag;SPD;Delmenhorst;2012-11-10 13:12:30
GruenClaudia;937403112;Claudia Müller;B90/Die Grünen;Stralsund, MV, Berlin, Welt;2012-11-09 17:39:42
WilfriedOellers;906847944;Wilfried Oellers;CDU;;2012-10-26 21:58:40
GregorGysi;888289790;Gregor Gysi;Die Linke;Platz der Republik, Berlin;2012-10-18 07:20:12
MarcusWeinberg;884382990;Marcus Weinberg;CDU;;2012-10-16 12:55:33
ulschzi;866924100;Ulrike Schielke-Ziesing;AfD;Mecklenburgische Seenplatte, Mecklenburg-Vorpommern;2012-10-07 20:39:05
NicoleGohlke;866425075;Nicole Gohlke;Die Linke;Berlin | München;2012-10-07 14:33:37
FOstendorff;862714045;Friedrich Ostendorff;B90/Die Grünen;Deutschland;2012-10-05 08:17:20
SylviaGabelmann;850993608;Sylvia Gabelmann;Die Linke;Siegen, Deutschland;2012-09-28 12:42:17
b_riexinger;849012308;Bernd Riexinger;Die Linke;;2012-09-27 10:16:15
GtzFrmming;809895794;Götz Frömming;AfD;Berlin, Deutschland;2012-09-08 00:53:26
Beatrix_vStorch;805308596;Beatrix von Storch;AfD;Berlin, Deutschland;2012-09-05 20:19:14
uihnen;757224186;Ulla Ihnen;FDP;;2012-08-14 14:09:56
MWBirkwald;748851762;Matthias W. Birkwald;Die Linke;;2012-08-10 07:32:05
FlorianPost;741532130;Florian Post;SPD;München, Bayern;2012-08-06 22:00:12
JanaSchimke;728990858;Jana Schimke;CDU;;2012-07-31 18:48:25
MatthiasGastel;727782559;Matthias Gastel;B90/Die Grünen;Filderstadt, WK Nürtingen, B-W;2012-07-31 07:04:19
SteffenSonja;702653022;Sonja Steffen;SPD;;2012-07-18 08:29:18
GoeringEckardt;626287930;Katrin Göring-Eckardt;B90/Die Grünen;;2012-07-04 08:28:33
HaraldWeinberg;625642009;Harald Weinberg ;Die Linke;Nürnberg I Berlin;2012-07-03 15:24:05
UllmannMdB;609972369;Andrew Ullmann;FDP;Würzburg, Bavaria, Germany;2012-06-16 10:47:11
JuttaKrellmann;600984834;Jutta Krellmann;Die Linke;Hameln;2012-06-06 11:44:56
LieblingXhain;587862375;Canan Bayram;B90/Die Grünen;Berlin;2012-05-22 21:58:57
MGrosseBroemer;574424501;Michael Grosse-Brömer;CDU;Heide und Hauptstadt;2012-05-08 12:11:15
sigmargabriel;569832889;Sigmar Gabriel;SPD;Goslar, Berlin & die Welt;2012-05-03 09:27:54
MaikBeermann;569257486;Maik Beermann;CDU;;2012-05-02 17:01:13
lisapaus;569166756;Lisa Paus;B90/Die Grünen;Charlottenburg-Wilmersdorf;2012-05-02 12:57:06
MTodtenhausen;563706584;Manfred Todtenhausen;FDP;Wuppertal;2012-04-26 13:03:53
PetraPauMaHe;560467206;Petra Pau;Die Linke;Berlin, Marzahn- Hellersdorf;2012-04-22 15:55:05
danielakolbe;516783036;Daniela Kolbe;SPD;Leipzig und Berlin;2012-03-06 18:55:58
Timon_Gremmels;494809842;Timon Gremmels;SPD;Niestetal;2012-02-17 08:46:53
JTrittin;485751594;Jürgen Trittin;B90/Die Grünen;Berlin/Göttingen;2012-02-07 14:54:56
FrankeEdgar;481393623;Dr. Edgar Franke;SPD;Berlin;2012-02-02 18:01:16
MargareteBause;480623844;Margarete Bause;B90/Die Grünen;Berlin & München ;2012-02-01 18:14:38
KonstantinKuhle;475275997;Konstantin Kuhle;FDP;Göttingen/Berlin;2012-01-26 21:49:02
BabettesChefin;474013625;Sylvia Kotting-Uhl;B90/Die Grünen;Berlin;2012-01-25 15:25:35
ULechte;473843184;Ulrich Lechte;FDP;;2012-01-25 11:40:28
KLeikert;467381196;Katja Leikert;CDU;;2012-01-18 12:08:59
helgelindh;454981027;Helge Lindh;SPD;Wuppertal, Nordrhein-Westfalen;2012-01-04 16:12:00
JensZimmermann1;449619355;Jens Zimmermann;SPD;Groß-Umstadt;2011-12-29 09:14:59
Peter_Beyer;445375409;Peter Beyer;CDU;;2011-12-24 09:58:20
ToniHofreiter;442678902;Toni Hofreiter;B90/Die Grünen;Deutscher Bundestag Berlin;2011-12-21 10:39:48
StefanGelbhaar;426582569;Stefan Gelbhaar;B90/Die Grünen;Berlin, Prenzlauer Allee 22;2011-12-02 12:28:02
ch_buchholz;426403057;Christine Buchholz;Die Linke;Berlin;2011-12-02 06:04:16
DFoest;422569574;Daniel Föst;FDP;München;2011-11-27 12:17:53
michael_thews;409258073;Michael Thews;SPD;Lünen;2011-11-10 13:55:11
UweSchummer;409203792;Uwe Schummer;CDU;Deutscher Bundestag, Berlin;2011-11-10 12:18:40
hahnflo;403735368;Florian Hahn;CSU;;2011-11-02 22:47:35
armin_schuster;395912134;Armin Schuster;CDU;;2011-10-22 13:11:16
guenterkrings;392312829;Günter Krings;CDU;Mönchengladbach/Berlin;2011-10-16 21:00:34
JoWadephul;389682667;Johann Wadephul;CDU;Berlin, Deutschland;2011-10-12 20:46:07
UlliNissen;382044198;Ulli Nissen;SPD;Frankfurt am Main;2011-09-29 11:53:23
peteraltmaier;378693834;Peter Altmaier;CDU;Saarlouis / Berlin;2011-09-23 17:00:07
PSchnieder;368334555;Patrick Schnieder;CDU;Arzfeld/Eifel;2011-09-05 13:31:39
PeterAumer;348460907;Peter Aumer;CSU;Regensburg/Berlin;2011-08-04 13:33:25
HeikeHaensel;332264734;Heike Hänsel;Die Linke;Berlin;2011-07-09 14:08:58
LangeMdB;328939758;Christian Lange;SPD;;2011-07-04 09:05:24
KarambaDiaby;316355056;Dr. Karamba Diaby;SPD;Halle (Saale);2011-06-13 09:57:53
pascalmeiser;314534724;Pascal Meiser;Die Linke;;2011-06-10 12:19:25
jensspahn;299650387;Jens Spahn;CDU;Berlin;2011-05-16 13:25:13
GaHeinrich;296121556;Gabriela Heinrich;SPD;Nürnberg;2011-05-10 07:17:31
Petra_Sitte_MdB;293522998;Petra Sitte;Die Linke;;2011-05-05 14:05:32
ThomasOppermann;293066780;Thomas Oppermann;SPD;Berlin/Göttingen;2011-05-04 18:06:59
ThomasHitschler;292151515;Thomas Hitschler;SPD;Südpfalz;2011-05-03 05:41:51
PaulZiemiak;288696645;Paul Ziemiak;CDU;Germany;2011-04-27 09:22:47
R_Hartwig_AfD;282687385;Dr. Roland Hartwig;AfD;Rhein-Sieg-Kreis;2011-04-15 18:11:35
badulrichmartha;282195399;Lisa Badum;B90/Die Grünen;Forchheim;2011-04-14 18:52:28
SteinekeCDU;277006619;Sebastian Steineke;CDU;Neuruppin;2011-04-04 14:24:47
SabineLeidig;257461232;Sabine Leidig;Die Linke;;2011-02-25 13:33:26
yasmin_fahimi;238088709;Yasmin Fahimi;SPD;;2011-01-14 10:03:57
KaczmarekOliver;231440493;Oliver Kaczmarek;SPD;Kamen;2010-12-28 14:43:48
Katrin_Werner;224630872;Katrin Werner;Die Linke;Trier;2010-12-09 13:36:39
filizgreen;194535434;Filiz Polat;B90/Die Grünen;Bramsche/Berlin;2010-09-24 11:19:57
BaerbelKofler;193629792;Bärbel Kofler;SPD;Berlin / Traunstein;2010-09-22 09:22:51
jensbeeck;179216369;Jens Beeck;FDP;Lingen (Ems), Deutschland;2010-08-16 20:00:42
SBarrientosK;176104376;Simone Barrientos;Die Linke;Berlin & Ochsenfurth;2010-08-08 15:38:19
Buergerwohl;175071092;Jürgen Pohl;AfD;Thüringen, Deutschland;2010-08-05 15:20:12
agnieszka_mdb;172269309;Agnieszka Brugger;B90/Die Grünen;;2010-07-29 08:37:03
LindaTeuteberg;170964436;Linda Teuteberg;FDP;Potsdam | Brandenburg;2010-07-26 06:31:36
felixschreiner;162398888;Felix Schreiner;CDU;Waldshut-Tiengen, Deutschland;2010-07-03 14:58:36
Axel_Fischer;160906608;Axel Fischer;CDU;Berlin;2010-06-29 12:44:25
Johann_Saathoff;159217491;Johann Saathoff;SPD;Ostfriesland;2010-06-24 19:53:25
MatthiasHeider;154064825;Matthias Heider;CDU;Lüdenscheid;2010-06-10 08:05:03
HeikeBrehmerMdB;150372237;Heike Brehmer;CDU;Harz;2010-05-31 19:34:09
markuskurthmdb;150188536;Markus Kurth;B90/Die Grünen;Berlin;2010-05-31 09:13:22
Lambsdorff;149299258;Alexander Lambsdorff;FDP;Bonn, Berlin und Brüssel;2010-05-28 23:15:13
JensKoeppen;146376562;Jens Koeppen;CDU;Berlin, Barnim, Uckermark;2010-05-21 08:20:13
HESommer;143882918;Evrim Sommer;Die Linke;Berlin, Deutschland;2010-05-14 17:45:21
NikolasLoebel;143351769;Nikolas Löbel;CDU;Mannheim, Baden-Württemberg;2010-05-13 07:03:17
IreneMihalic;143000381;Irene Mihalic;B90/Die Grünen;Gelsenkirchen / Berlin;2010-05-12 09:15:53
DoroBaer;140821364;Dorothee Bär;CSU;;2010-05-06 13:05:45
SevimDagdelen;139407967;Sevim Dagdelen;Die Linke;Bochum-Berlin;2010-05-02 14:25:18
lgbeutin;136266976;Lorenz Gösta Beutin;Die Linke;Kiel;2010-04-23 13:11:41
anjaweisgerber;133770069;Anja Weisgerber;CSU;Schweinfurt, Kitzingen, Berlin;2010-04-16 15:43:52
c_lindner;122104353;Christian Lindner;FDP;Berlin, Deutschland;2010-03-11 16:11:51
HildeMattheis;115614153;Hilde Mattheis;SPD;Ulm;2010-02-19 08:25:12
NiemaMovassat;111054843;Niema Movassat;DIe Linke;Oberhausen, Essen und Berlin;2010-02-03 17:18:12
TinoSorge;110385973;Tino Sorge;CDU;Magdeburg / Berlin;2010-02-01 10:50:53
KaiGehring;110368456;Kai Gehring;B90/Die Grünen;Berlin/ Essen;2010-02-01 08:55:10
fdp_hessel;107806591;Katja Hessel;FDP;Nürnberg;2010-01-23 20:19:09
UteVogt;106684561;Ute Vogt;SPD;Stuttgart;2010-01-20 09:58:42
MarcoBuschmann;106136813;Marco Buschmann;FDP;Gelsenkirchen/Berlin;2010-01-18 16:25:00
stephankuehn;104100946;Stephan Kühn;B90/Die Grünen;Dresden;2010-01-12 07:41:22
GittaConnemann;103658778;Gitta Connemann;CDU;Im hohen Norden;2010-01-10 20:30:04
PeterBoehringer;99268600;Peter Boehringer;AfD;Deutschland;2009-12-25 11:36:05
schneidercar;96783215;Carsten Schneider;SPD;Erfurt;2009-12-14 15:41:28
dieschmidt;95905207;Dagmar Schmidt;SPD;LDK;2009-12-10 13:54:30
groehe;94363834;Hermann Gröhe;CDU;Berlin;2009-12-03 16:38:02
BjoernSimon;93845554;Bjoern Simon;CDU;Obertshausen, Deutschland;2009-12-01 12:03:11
MichaelLeutert;93612750;Michael Leutert;Die Linke;Chemnitz und Bundestag ;2009-11-30 11:37:37
hacker_fdp;89209507;Thomas Hacker;FDP;Bayreuth;2009-11-11 15:32:20
Oliver_Krischer;88630242;Oliver Krischer;B90/Die Grünen;Düren/Berlin;2009-11-09 09:34:24
AndrejHunko;87281380;Andrej Hunko;Die Linke;Germany;2009-11-03 21:01:21
NilsSchmid;83795057;Nils Schmid;SPD;Nürtingen, Baden-Württemberg;2009-10-20 07:56:26
JoSteiniger;83474160;Johannes Steiniger;CDU;;2009-10-18 23:38:01
oezoguz;83342791;Aydan Özoğuz;SPD;Hamburg;2009-10-18 11:00:10
Birke_Bull;81394072;Birke Bull-Bischoff;Die Linke;Halle/ Saale;2009-10-10 16:50:28
FalkoMohrs;79228932;Falko Mohrs;SPD;Germany;2009-10-02 16:57:59
fjunge;77928749;Frank Junge;SPD;Wismar;2009-09-28 04:52:55
StephanThomae;75005687;Stephan Thomae;FDP;Kempten (Allgäu);2009-09-17 12:59:49
LINKEPELLI;74837812;Sören Pellmann;Die Linke;Leipzig;2009-09-16 21:05:18
MartinaRenner;68920005;Martina Renner;Die Linke;Berlin und Erfurt;2009-08-26 07:01:12
UlrichLange;68172699;Ulrich Lange;CSU;;2009-08-23 15:58:29
fuchtel;66750542;Hans-Joachim Fuchtel;CDU;Altensteig, Nordschwarzwald;2009-08-18 18:04:36
KarinStrenz;66111283;Karin Strenz;CDU;;2009-08-16 13:01:13
ernst_klaus;64994645;Klaus Ernst;Die Linke;Berlin;2009-08-12 09:54:42
zierke;64220313;Stefan Zierke;SPD;Prenzlau, Deutschland;2009-08-09 18:09:53
CPetryMdB;64159881;Christian Petry;SPD;Saarland;2009-08-09 11:46:17
SeesternPauly;62002359;Matthias Seestern-Pauly;FDP;Bad Iburg;2009-08-01 09:33:48
Manfredbehrens;61577387;Manfred Behrens;CDU;Ebendorf;2009-07-30 19:37:13
monikalazar;60630139;Monika Lazar;B90/Die Grünen;Sachsen;2009-07-27 15:47:11
olavgutting;58429842;Olav Gutting;CDU;Bruchsal-Schwetzingen, Berlin;2009-07-20 09:03:25
soerenbartol;57293969;Sören Bartol;SPD;Marburg/Berlin;2009-07-16 09:59:45
stephanharbarth;56762889;Stephan Harbarth;CDU;;2009-07-14 17:52:30
Wellenreuther;54535670;Ingo Wellenreuther;CDU;Karlsruhe;2009-07-07 12:50:22
PeterWeissMdB;54202670;Peter Weiß;CDU;Emmendingen;2009-07-06 13:24:44
CarstenMuellers;53945479;Carsten Müller;CDU;Braunschweig;2009-07-05 16:35:50
GrueneBeate;53426644;Beate Müller-Gemmeke;B90/Die Grünen;Reutlingen, Baden-Württemberg;2009-07-03 16:20:17
TabeaRoessner;53351462;Tabea Rößner;B90/Die Grünen;Mainz/Berlin;2009-07-03 10:29:25
matthiaszimmer;52994606;matthias zimmer;CDU;Frankfurt, Berlin;2009-07-02 06:45:11
ebner_sha;52431948;Harald Ebner;B90/Die Grünen;Germany;2009-06-30 15:56:19
marcobuelow;52119203;Marco Bülow;SPD;Ruhrgebiet / Berlin;2009-06-29 17:14:15
DJanecek;52024480;Dieter Janecek;B90/Die Grünen;München;2009-06-29 11:02:16
StefanKaufmann;51752254;Stefan Kaufmann;CDU;Stuttgart und Berlin;2009-06-28 15:14:58
thomasgebhart;51483238;Thomas Gebhart;CDU;Jockgrim;2009-06-27 16:33:33
rischwasu;50932086;Rita Schwarzelühr-S.;SPD;Kreis Waldshut;2009-06-26 05:09:54
AndiScheuer;50315139;Andreas Scheuer;CSU;Passau / Berlin;2009-06-24 14:13:25
DrAndreasNick;49450039;Dr. Andreas Nick;CDU;Montabaur/Ww.;2009-06-21 22:26:05
SWagenknecht;47375691;Sahra Wagenknecht;Die Linke;Düsseldorf/Berlin;2009-06-15 16:33:09
UweFe;47151012;Uwe Feiler;CDU;Brandenburg Deutschland;2009-06-14 19:05:12
BeateWaRo;47049428;Beate W.-Rosenheimer;B90/Die Grünen;München/Germering/Dachau/FFB;2009-06-14 06:48:25
stonie_kiel;46498076;Mathias_Stein;SPD;;2009-06-11 21:36:58
UweKekeritz;46480553;Uwe Kekeritz;B90/Die Grünen;Uffenheim / Berlin;2009-06-11 20:22:05
MartinRabanus;46356949;Martin Rabanus;SPD;Taunusstein;2009-06-11 10:05:20
MarcHenrichmann;44608858;Marc Henrichmann;CDU;Havixbeck, Germany;2009-06-04 12:56:07
Ingrid_Nestle;44359035;Ingrid Nestle;B90/Die Grünen;Berlin & Elmshorn;2009-06-03 13:34:51
FrankHeinrich;43959185;Frank Heinrich;CDU;Chemnitz;2009-06-01 20:03:31
PatrickSensburg;43537931;Patrick Sensburg;CDU;Hochsauerlandkreis;2009-05-30 14:52:10
RKiesewetter;42698498;Roderich Kiesewetter;CDU;Aalen-Heidenheim, Berlin;2009-05-26 19:29:44
NielsAnnen;42401449;Niels Annen;SPD;Hamburg;2009-05-25 13:06:24
NadineSchoen;41840905;Nadine Schön;CDU;;2009-05-22 16:06:06
KerstinAndreae;41548943;Kerstin Andreae;B90/Die Grünen;;2009-05-21 07:45:36
kaiwegner;39999872;Kai Wegner;CDU;Germany, Berlin, Spandau;2009-05-14 14:07:45
TSchipanski;39938182;Tankred Schipanski;CDU;Thüringen;2009-05-14 05:53:10
KerstinGriese;39709752;Kerstin Griese;SPD;Niederberg und Ratingen;2009-05-13 07:41:00
edrossmann;38645930;Ernst Dieter Rossmann;SPD;Kreis Pinneberg;2009-05-08 11:17:22
juergenhardt;38467606;Jürgen Hardt;CDU;Remscheid, Solingen, Wuppertal;2009-05-07 16:53:05
starkwatzinger;38228691;Stark-Watzinger;FDP;Bad Soden;2009-05-06 17:25:30
rbrinkhaus;38001527;Ralph Brinkhaus;CDU;Gütersloh;2009-05-05 19:45:20
kerstin_tack;37733252;Kerstin Tack;SPD;Hannover;2009-05-04 19:25:43
ChristianHirte;37642893;Christian Hirte;CDU;Tiefenort/ Berlin;2009-05-04 11:44:48
tj_tweets;37105136;Thomas Jarzombek;CDU;Düsseldorf, Germany;2009-05-02 01:39:20
LischkaB;36665085;Burkhard Lischka;SPD;Magdeburg / Berlin;2009-04-30 13:47:04
BurkertMartin;36329898;Martin Burkert;SPD;Nuremberg, Bavaria;2009-04-29 10:35:45
SoenkeRix;36327895;Sönke Rix;SPD;Eckernförde;2009-04-29 10:16:00
EvaHoegl;35846585;Dr. Eva Högl;SPD;Berlin;2009-04-27 20:14:48
kahrs;35687457;Johannes Kahrs;SPD;Hamburg;2009-04-27 06:23:08
meister_schafft;34214048;Dr. Michael Meister;CDU;Bergstraße;2009-04-22 07:21:25
Erwin_Rueddel;33071479;Erwin Rüddel;CDU;Windhagen, Kreis Neuwied;2009-04-19 00:47:55
VolkmarKlein;33043294;Volkmar Klein;CDU;Berlin;2009-04-18 23:02:55
fbrantner;32323724;Franziska Brantner;B90/Die Grünen;Heidelberg und Berlin;2009-04-17 05:48:29
SPDuesseldorf;30838821;Andreas Rimkus;SPD;Düsseldorf, NRW, Deutschland;2009-04-13 09:46:24
FrankSchwabe;30050484;Frank Schwabe;SPD;;2009-04-09 19:39:53
bstrasser;29540300;Benjamin Strasser;FDP;Berg;2009-04-07 20:46:18
MartinRosemann;28784085;Dr. Martin Rosemann;SPD;Berlin;2009-04-04 12:29:11
VolkerUllrich;28446356;Volker Ullrich;CDU;Augsburg und Berlin;2009-04-02 23:25:37
DanielaKluckert;28327765;Daniela Kluckert;FDP;Berlin, Deutschland;2009-04-02 12:28:07
josefoster;28089973;Josef Oster;CDU;Koblenz, Deutschland;2009-04-01 11:40:24
franksitta;28087038;Frank Sitta;FDP;Sachsen-Anhalt, Deutschland;2009-04-01 11:12:09
katjakipping;28066013;Katja Kipping;Die Linke;Dresden, Berlin;2009-04-01 06:57:45
franksteffel;26869088;Frank Steffel;CDU;Berlin, Reinickendorf;2009-03-26 22:18:19
cad59;25980076;Christine Aschenberg-Dugnus;FDP;Strande;2009-03-23 10:24:55
GabiHillerOhm;25816024;Gabriele Hiller-Ohm;SPD;Lübeck;2009-03-22 13:15:56
LoetzschMdB;24178198;Gesine Lötzsch;Die Linke;Berlin, Bundestag;2009-03-13 14:23:41
HeikoMaas;24158261;Heiko Maas;SPD;Saarlouis/Berlin;2009-03-13 11:37:00
SteffenBilger;23925041;Steffen Bilger;CDU;Ludwigsburg / Berlin;2009-03-12 09:30:05
ErhardGrundl;23601044;Erhard Grundl;B90/Die Grünen;;2009-03-10 14:54:01
AMattfeldt;23447001;Andreas Mattfeldt;CDU;Völkersen;2009-03-09 15:22:39
Ingmar_Jung;23296367;Ingmar Jung;CDU;;2009-03-08 10:47:11
CanselK;23248102;Cansel Kiziltepe;SPD;Berlin;2009-03-07 23:27:23
JM_Luczak;22908417;Dr. Jan-Marco Luczak;CDU;Berlin;2009-03-05 11:25:35
KemmerichThL;22755312;Thomas L. Kemmerich;FDP;Erfurt, Germany;2009-03-04 10:26:54
MarcusFaber;22364234;Marcus Faber;FDP;Stendal, Sachsen-Anhalt;2009-03-01 13:59:34
petertauber;22260144;Peter Tauber;CDU;Gelnhausen;2009-02-28 14:36:49
ekindeligoez;22125770;Ekin Deligöz;B90/Die Grünen;;2009-02-27 09:59:05
swenschulz;21791639;Swen Schulz;SPD;Berlin;2009-02-24 20:14:10
joloulou;21618829;Josephine Ortleb;SPD;Saarland;2009-02-23 01:13:58
marlenemortler;21579707;Marlene Mortler;CSU;Lauf an der Pegnitz;2009-02-22 17:20:16
CarenLay;21404382;Caren Lay;Die Linke;;2009-02-20 15:21:06
voglerk;21287514;Kathrin Vogler;Die Linke;Emsdetten, Germany;2009-02-19 10:10:30
KatrinHelling;21267421;Katrin Helling-Plahr;FDP;Hagen;2009-02-19 02:19:12
tobiaslindner;21197524;Dr. Tobias Lindner;B90/Die Grünen;Berlin, Deutschland;2009-02-18 13:58:56
OlliLuksic;21144568;Oliver Luksic;FDP;Saarland, Berlin, Europa;2009-02-17 23:17:52
Diether_Dehm;20986770;Diether Dehm;Die Linke;Germany;2009-02-16 14:00:12
RuedigerKruse;20916357;Rüdiger Kruse;CDU;Hamburg;2009-02-15 15:44:24
UlrichKelber;20877217;Ulrich Kelber;SPD;Bonn;2009-02-14 22:55:21
W_SK;20840049;Wolfgang Strengmann-Kuhn;B90/Die Grünen;Frankfurt/ Offenbach;2009-02-14 10:16:47
gero_storjohann;20534846;Gero Storjohann;CDU;Seth;2009-02-10 18:58:21
PascalKober;19909974;Pascal Kober;FDP;;2009-02-02 14:54:57
katjadoerner;19738866;Katja Dörner;B90/Die Grünen;Bonn;2009-01-29 22:24:28
baerbelbas;19438957;Bärbel Bas;SPD;Germany;2009-01-24 09:39:46
matschie;19286748;Christoph Matschie;SPD;Jena, Deutschland;2009-01-21 13:17:21
FlorianPronold;19257571;Florian Pronold;SPD;Germany;2009-01-20 21:09:20
Uwe_Schulz_AfD;19177808;Uwe Schulz;AfD;Berlin, Deutschland;2009-01-19 09:02:11
cem_oezdemir;19108766;Cem Özdemir;B90/Die Grünen;Stuttgart/Berlin;2009-01-17 12:30:36
HBraun;19108071;Dr. Helge Braun;CDU;Berlin und Gießen;2009-01-17 11:45:46
KatjaSuding;18880634;KatjaSuding;FDP;Hamburg;2009-01-11 21:36:34
rainerspiering;18668620;Rainer Spiering;SPD;Bad Rothenfelde, Germany;2009-01-06 09:39:17
f_schaeffler;18189342;Frank Schäffler;FDP;Ostwestfalen-Lippe;2008-12-17 14:10:38
DennisRohde;18160122;Dennis Rohde;SPD;;2008-12-16 10:44:02
MariaKlSchmeink;18103366;Maria Klein-Schmeink;B90/Die Grünen;Münster;2008-12-13 19:27:20
Otto_Fricke;18044683;Otto Fricke;FDP;Krefeld / Berlin,  Deutschland;2008-12-11 09:50:36
jimmyschulz;18000943;Jimmy Schulz;FDP;München, Berlin, Berchtesgaden;2008-12-09 20:14:10
smuellermdb;17960911;Stefan Müller;CSU;Erlangen;2008-12-08 11:34:51
ManuelSarrazin;17922403;Manuel Sarrazin;B90/Die Grünen;Harburg an der Elbe;2008-12-06 14:31:27
K_SA;17870195;Kordula Schulz-Asche;B90/Die Grünen;Berlin, Eschborn;2008-12-04 15:40:59
KonstantinNotz;17752770;Konstantin von Notz;B90/Die Grünen;Schleswig-Holstein und Berlin;2008-11-30 11:20:58
MartinSchulz;17675072;Martin Schulz;SPD;;2008-11-27 10:49:00
torstenherbst;17561226;Torsten Herbst;FDP;Dresden;2008-11-22 19:02:47
christianduerr;17535941;Christian Dürr;FDP;Berlin / Ganderkesee;2008-11-21 13:20:23
ManuelHoeferlin;17483463;Manuel Höferlin;FDP;Rheinhessen und Berlin;2008-11-19 10:16:23
larscastellucci;17469649;Lars Castellucci;SPD;Wiesloch;2008-11-18 20:02:03
florian_toncar;17462171;Florian Toncar;FDP;Berlin, Deutschland;2008-11-18 10:55:06
ulle_schauws;17363943;Ulle Schauws;B90/Die Grünen;Krefeld, Nordrhein-Westfalen;2008-11-13 12:29:30
sven_kindler;17343047;Sven Kindler;B90/Die Grünen;;2008-11-12 16:51:14
SteffiLemke;17229513;Steffi Lemke;B90/Die Grünen;;2008-11-07 11:07:46
svenlehmann;16706236;Sven Lehmann;B90/Die Grünen;Köln/Berlin;2008-10-12 09:09:29
tpflueger;16696924;Tobias Pflueger;Die Linke;;2008-10-11 15:25:31
nouripour;16674128;Omid Nouripour;B90/Die Grünen;Frankfurt/Germany;2008-10-09 21:23:15
anked;16557497;Anke Domscheit-Berg;Die Linke;Germany;2008-10-02 10:12:46
wanderwitz;16361044;Marco Wanderwitz;CDU;Hohenstein-Ernstthal;2008-09-19 08:33:36
solms;16325209;Hermann Otto Solms;FDP;Lich, Berlin;2008-09-17 07:49:56
larsklingbeil;16255941;Lars Klingbeil;SPD;Munster, Niedersachsen, D;2008-09-12 12:58:06
hubertus_heil;15943222;Hubertus Heil;SPD;Peine, Gifhorn, Berlin;2008-08-22 10:14:26
katdro;15722010;Katharina Dröge;B90/Die Grünen;;2008-08-04 13:32:56
MatthiasHoehn;15686106;Matthias Höhn;Die Linke;Altmark, Magdeburg, Berlin;2008-08-01 05:44:01
johannesvogel;15630931;Johannes Vogel;FDP;Berlin / NRW;2008-07-28 12:19:51
FabioDeMasi;14784765;Fabio De Masi;B90/Die Grünen;Hamburg St. Pauli (Quiddje);2008-05-15 11:26:35
theliberalfrank;984048002967982080;Frank Müller-Rosentritt;FDP;Chemnitz, Sachsen;2018-04-11 12:38:21
JoernKoenigAfD;960974630709284864;Jörn König;AfD;Berlin, Deutschland;2018-02-06 20:33:00
BijanDjir;960463104537657344;Bijan Djir-Sarai;FDP;Rhein-Kreis Neuss;2018-02-05 10:40:23
FrStraetmanns;959059951523106816;Friedrich Straetmanns;Die Linke;;2018-02-01 13:44:45
katharina_kloke;958634602905718785;Katharina Kloke;FDP;;2018-01-31 09:34:34
KirstenKappert;955357684013953025;Kirsten Kappert-Gonther;B90/Die Grünen;Bremen, Deutschland;2018-01-22 08:33:16
TillMansmann;954049866283483136;Till Mansmann;FDP;Heppenheim (Bergstraße);2018-01-18 17:56:28
SilberhornMdB;951489275312443392;Thomas Silberhorn;CSU;Deutschland;2018-01-11 16:21:35
JudithSkudelny;948958759560376320;Judith Skudelny;FDP;;2018-01-04 16:46:13
Mi_Muentefering;947740210036641793;Michelle Müntefering;SPD;Berlin, Deutschland;2018-01-01 08:04:09
Jacobi_AfD;944181149424898048;Fabian Jacobi;AfD;Köln;2017-12-22 12:21:42
margit_stumpp;943082490482262016;Margit Stumpp;B90/Die Grünen;Ostalbkreis/Landkreis Heidenheim & Berlin;2017-12-19 11:36:02
MdB_Schreiber;940585440746328064;Eva-Maria Schreiber;Die Linke;Berlin, Germany;2017-12-12 14:13:39
Frank_Magnitz;940532615177752576;Frank Magnitz;AfD;Bremen, Deutschland;2017-12-12 10:43:44
EstherDilcher;939092636165689345;Esther Dilcher;SPD;Hofgeismar;2017-12-08 11:21:46
MBiadaczMdB;935815000006053888;Marc Biadacz;CDU;Direkt gewählter Bundestagsabgeordneter für den Wahlkreis Böblingen;2017-11-29 10:17:37
busen_mdb;935554963639558145;Karlheinz Busen;FDP;Berlin, Deutschland;2017-11-28 17:04:19
G_UllrichFDP;935456332655874048;Gerald Ullrich;FDP;Thüringen, Deutschland;2017-11-28 10:32:24
Philipp_Amthor;934016327567790080;Philipp Amthor;CDU;Berlin / Vorpommern;2017-11-24 11:10:20
MieruchMario;932931561015730176;Mario Mieruch;AfD;;2017-11-21 11:19:51
Schmidt_MdB;930725836482928640;Stefan Schmidt;B90/Die Grünen;;2017-11-15 09:15:06
reuther_bernd;930422173478608903;Bernd Reuther;FDP;Wese;2017-11-14 13:08:27
axel_knoerig;928974816220254208;Axel Knoerig;CDU;Kirchdorf, Berlin;2017-11-10 13:17:10
MdB_Freihold;925703909825548288;Brigitte Freihold;Die Linke;Pirmasens, Deutschland;2017-11-01 12:39:45
reinholdmdb;925657781759332353;Hagen Reinhold;FDP;Berlin, Deutschland;2017-11-01 09:36:27
ChrWirthMdB;920193967937019904;Dr. Christian Wirth;AfD;Saarbrücken, Deutschland;2017-10-17 07:45:13
Martin_Sichert;918405860862382082;Martin Sichert;AfD;;2017-10-12 09:19:55
JuergenBraunAfD;917756296555892736;Jürgen Braun;AfD;Waiblingen, Deutschland;2017-10-10 14:18:46
HartmutEbbing;916950563815870464;Hartmut Ebbing;FDP;Berlin, Deutschland;2017-10-08 08:57:05
olafinderbeek;913327957602693121;Olaf In der Beek;FDP;;2017-09-28 09:02:08
SiemtjeMoeller;912243750809817089;Siemtje Moeller;SPD;;2017-09-25 09:13:53
SteffenKotre;912223443231428609;Steffen Kotré;AfD;Deutschland;2017-09-25 07:53:11
koehler_fdp;898597063444877313;Lukas Köhler;FDP;München, Bayern;2017-08-18 17:26:49
EspendillerM;885167849685340161;Michael Espendiller;AfD;;2017-07-12 16:03:55
SchaeferCDU;874474169106395136;Anita Schäfer;CDU;Rheinland-Pfalz, Deutschland;2017-06-13 03:51:03
carina_konrad;874304935906729986;Carina Konrad;FDP;Rheinland-Pfalz, Deutschland;2017-06-12 16:38:35
CorinnaMiazga;868762469115846657;Corinna Miazga;AfD;Straubing, Deutschland;2017-05-28 09:34:48
NKleinwaechter;865920519668989955;Norbert Kleinwächter;AfD;Berlin, Deutschland;2017-05-20 13:21:54
S_Muenzenmaier;863657874941255684;Sebastian Münzenmaier;AfD;Deutschland;2017-05-14 07:30:58
sandra_weeser;858362895075340288;Sandra Weeser;FDP;Betzdorf im Wahlkreis Neuwied/Altenkirchen & Berlin;2017-04-29 16:50:36
GottfriedCurio;848618993015500802;Dr. Gottfried Curio;AfD;;2017-04-02 19:31:49
Nienaber_Ralf;846065373044707328;Ralf Nienaber;AfD;Dinslaken, Deutschland;2017-03-26 18:24:38
RitaHaglKehl;836553428042141697;Rita Hagl-Kehl;SPD;Deggendorf, Deutschland;2017-02-28 12:27:34
Rene_Springer;831541837965967361;René Springer;AfD;Potsdam, Deutschland;2017-02-14 16:33:18
c_bernstiel;830085678063030273;Christoph Bernstiel;CDU;Halle (Saale), Deutschland;2017-02-10 16:07:02
VoepelDirk;829029719941246978;Dirk Vöpel;SPD;;2017-02-07 18:11:02
HoubenReinhard;825069798140833794;Reinhard Houben;FDP;Köln, Deutschland;2017-01-27 19:55:43
hans_michelbach;824221646290616321;Hans Michelbach;CSU;Coburg, Bayern;2017-01-25 11:45:28
M_HarderKuehnel;815699423057637381;Mariana Harder-Kühnel;AfD;Gelnhausen, Hessen;2017-01-01 23:21:12
JoanaCotar;814970546366611457;Joana Cotar;AfD;Hessen, Deutschland;2016-12-30 23:04:54
mischrodi;806975237766135813;Michael Schrodi;SPD;Olching, Deutschland;2016-12-08 21:34:24
Dr_Rainer_Kraft;804064797977444352;Dr. Rainer Kraft;AfD;Augsburg-Land;2016-11-30 20:49:21
Tino_Chrupalla;797137333820784640;Tino Chrupalla;AfD;Sachsen;2016-11-11 18:02:05
Paul_Podolay;774308243124391937;Paul Podolay;AfD;Erlangen, Deutschland;2016-09-09 18:07:26
Bruno_Hollnagel;760883080416616450;Dr. Bruno Hollnagel;AfD;Stormarn, Schleswig-Holstein;2016-08-03 17:00:37
Karsten_Hilse;760184727752077314;Karsten Hilse;AfD;Bautzen, Deutschland;2016-08-01 18:45:37
Marcus_Buehl;729360191263780867;Marcus Bühl;AfD;Thüringen, Deutschland;2016-05-08 17:19:55
Jochen_Haug;717077328669646849;Jochen Haug;AfD;Köln, Deutschland;2016-04-04 19:52:12
CarstenTraeger;3577737256;Carsten Träger;SPD;Fürth, Bayern;2015-09-07 14:21:51
vonGottberg_AfD;3412973404;Wilhelm von Gottberg;AfD;Niedersachsen, Deutschland;2015-08-10 15:30:55
Jan_Nolte_AfD;3408940048;Jan Nolte;AfD;Waldeck, Deutschland;2015-08-08 17:13:12
Gminder_AfD;3386357374;Franziska Gminder;AfD;Baden-Württemberg, Deutschland;2015-07-21 20:14:47
HessenkemperAfD;3386315381;Prof. Dr. Heiko Hessenkemper;AfD;Mittelsachsen, Sachsen;2015-07-21 20:24:33
Herrmann_AfD;3386302239;Lars Herrmann;AfD;Leipzig-Land;2015-07-21 20:52:14
WaldemarHerdt;3384824825;Waldemar Herdt;AfD;Osnabrück-Land;2015-07-20 19:02:56
Ulrich_Oehme;3384795790;Ulrich Oehme;AfD;Chemnitzer Umland;2015-07-20 17:50:22
PeterFelser;3384789731;Peter Felser;AfD;Lindenberg im Allgäu;2015-07-20 18:34:15
Friedhoff_AfD;3383505179;Dietmar Friedhoff;AfD;Neustadt am Rübenberge;2015-07-19 19:44:17
Thomas_Ehrhorn;3242322815;Thomas Ehrhorn;AfD;Niedersachsen, Deutschland;2015-05-08 19:41:04
JensKestnerAfD;3242258055;Jens Kestner;AfD;Niedersachsen, Deutschland;2015-05-08 19:25:16
Siegbert_Droese;3184216371;Siegbert Dröse;AfD;Leipzig, Deutschland;2015-04-19 19:12:45
Heiko_Wildberg;3183992596;Dr. Heiko Wildberg;AfD;Südpfalz;2015-04-19 17:46:38
Nicole_Hoechst;3105025175;Nicole Höchst;AfD;Rheinland-Pfalz, Deutschland;2015-03-22 15:50:41
BerndBaumannAfD;3043727333;Bernd Baumann;AfD;Hamburg, Deutschland;2015-02-17 21:57:24￿￿￿￿￿￿￿￿￿￿￿￿￿￿￿￿￿￿￿￿￿￿￿￿￿￿￿￿￿￿￿￿￿￿￿￿￿￿￿￿￿￿￿￿￿￿￿￿￿￿￿￿￿￿￿￿￿￿￿￿￿￿￿￿￿￿￿￿￿￿￿￿￿￿￿￿￿￿￿￿￿￿￿￿￿￿￿￿￿￿￿￿￿￿￿￿￿￿￿￿￿￿￿￿￿￿￿￿￿￿￿￿￿￿￿￿￿￿￿￿￿￿￿￿￿￿￿￿￿￿￿￿￿￿￿￿￿￿￿￿￿￿￿￿￿￿￿￿￿￿￿￿￿￿￿￿￿￿￿￿￿￿￿￿￿￿￿￿￿￿￿￿￿￿￿￿￿￿￿￿￿￿￿￿￿￿￿￿￿￿￿￿￿￿￿￿￿￿￿￿￿￿￿￿￿￿￿￿￿￿￿￿￿￿￿￿￿￿￿￿￿￿￿￿￿￿￿￿￿￿￿￿￿￿￿￿￿￿￿￿￿￿￿￿￿￿￿￿￿￿￿￿￿￿￿￿￿￿￿￿￿￿￿￿￿￿￿￿￿￿￿￿￿￿￿￿￿￿￿￿￿￿￿￿￿￿￿￿￿￿￿￿￿￿￿￿￿￿￿￿￿￿￿￿￿￿￿￿￿￿￿￿￿￿￿￿￿￿￿￿￿￿￿￿￿￿￿￿￿￿￿￿￿￿￿￿￿￿￿￿￿￿￿￿￿￿￿￿￿￿￿￿￿￿￿￿￿￿￿￿￿￿￿￿￿￿￿￿￿￿￿￿￿￿￿￿￿￿￿￿￿￿￿￿￿￿￿￿￿￿￿￿￿￿￿￿￿￿￿￿￿￿￿￿￿￿￿￿￿￿￿￿￿￿￿￿￿￿￿￿￿￿￿￿￿￿￿￿￿￿￿￿￿￿￿￿￿￿￿￿￿￿￿￿￿￿￿￿￿￿￿￿￿￿￿￿￿￿￿￿￿￿￿￿￿￿￿￿￿￿￿￿￿￿￿￿￿￿￿￿￿￿￿￿￿￿￿￿￿￿￿￿￿￿￿￿￿￿￿￿￿￿￿￿￿￿￿￿￿￿￿￿￿￿￿￿￿￿￿￿￿￿￿￿￿￿￿￿￿￿￿￿￿￿￿￿￿￿￿￿￿￿￿￿￿￿￿￿￿￿￿￿￿￿￿￿￿￿￿￿￿￿￿￿￿￿￿￿￿￿￿￿￿￿￿￿￿￿￿￿￿￿￿￿￿￿￿￿￿￿￿￿￿￿￿￿￿￿￿￿￿￿￿￿￿￿￿￿￿￿￿￿￿￿￿￿￿￿￿￿￿￿￿￿￿￿￿￿￿￿￿￿￿￿￿￿￿￿￿￿￿￿￿￿￿￿￿￿￿￿￿￿￿￿￿￿￿￿￿￿￿￿￿￿￿￿￿￿￿￿￿￿￿￿￿￿￿￿￿￿￿￿￿￿￿￿￿￿￿￿￿￿￿￿￿￿￿￿￿￿￿￿￿￿￿￿￿￿￿￿￿￿￿￿￿￿￿￿￿￿￿￿￿￿￿￿￿￿￿￿￿￿￿￿￿￿￿￿￿￿￿￿￿￿￿￿￿￿￿￿￿￿￿￿￿￿￿￿￿￿￿￿￿￿￿￿￿￿￿￿￿￿￿￿￿￿￿￿￿￿￿￿￿￿￿￿￿￿￿￿￿￿￿